{
  "name": "Player",
  "components": {
    "player": {"speed": 1.0},
    "spriteRenderer": {
      "spriteImage": "/Resources/Images/scrimbo.png"
    },
    "rigidbody": {
      "drag": 0.9,
      "gravityScale": 0.01,
      "restitution": 0,
      "maxVelocity": [1.0,0.5]
    },
    "collider": {
      "isStatic": false,
      "collisionLayer": "DEFAULT",
      "collisionMask": [
        "DEFAULT"
      ],
      "size": [0.7,1.0],
      "offset": [0.0,0.0]
    },
    "spriteAnimator": {
    },
    "cameraFollow": {
      "bounds": [
        -250,
        200,
        -200,
        200
      ],
      "minBoundsFollowStrength": 2,
      "boundsFollowStrengthScale": 0.03,
      "idleFollowStrength": 2,
      "idleFollowMaxDist": 10.0
    }
  }
}
